{
    "id": "phils-random-names",
    "title": "Phil's Random Names",
    "version": "1.7.0",
    "manifest": "https://github.com/PhilsModules/phils-random-names/releases/latest/download/module.json",
    "download": "https://github.com/PhilsModules/phils-random-names/releases/latest/download/module.zip",
    "compatibility": {
        "minimum": "12",
        "verified": "13"
    },
    "authors": [
        {
            "name": "Phil",
            "flags": {}
        }
    ],
    "esmodules": [
        "scripts/main.js"
    ],
    "styles": [
        "styles/module.css"
    ],
    "languages": [
        {
            "lang": "en",
            "name": "English",
            "path": "languages/en.json"
        },
        {
            "lang": "de",
            "name": "Deutsch",
            "path": "languages/de.json"
        }
    ],
    "description": "Ein Modul um zufällige Namen aus Journalen zu ziehen.",
    "flags": {},
    "pack": []
}